"","ColumnName"
"1","ApplicationArea:Actuarial"
"2","ApplicationArea:Agriculture"
"3","ApplicationArea:Astronomy"
"4","ApplicationArea:AtmosphericScience"
"5","ApplicationArea:Aviation"
"6","ApplicationArea:Biology"
"7","ApplicationArea:Chemistry"
"8","ApplicationArea:Computation"
"9","ApplicationArea:Econometrics"
"10","ApplicationArea:Economics"
"11","ApplicationArea:Engineering"
"12","ApplicationArea:Finance"
"13","ApplicationArea:Geology"
"14","ApplicationArea:Hydrology"
"15","ApplicationArea:Medicine"
"16","ApplicationArea:Other"
"17","ApplicationArea:Physics"
"18","ApplicationArea:Seismology"
"19","ApplicationArea:Statistics"
"20","ApplicationArea:Telecommunication"
"21","ApplicationArea:Zoology"
"22","ColumnHeading:% CO  in outlet gas
    2"
"23","ColumnHeading:Accumulation"
"24","ColumnHeading:AcidConcentration"
"25","ColumnHeading:Active"
"26","ColumnHeading:ActiveOrPlacebo"
"27","ColumnHeading:AcuteGVHD"
"28","ColumnHeading:AdjustedLosses"
"29","ColumnHeading:Adult"
"30","ColumnHeading:Advancement"
"31","ColumnHeading:Age"
"32","ColumnHeading:AGE"
"33","ColumnHeading:AgeAtEntry"
"34","ColumnHeading:AgeGroup"
"35","ColumnHeading:AgeLower"
"36","ColumnHeading:AgeUpper"
"37","ColumnHeading:Agriculture"
"38","ColumnHeading:AirBags"
"39","ColumnHeading:Airflow"
"40","ColumnHeading:AlcoholConsumption"
"41","ColumnHeading:Annual sales"
"42","ColumnHeading:Apr"
"43","ColumnHeading:ArmedForces"
"44","ColumnHeading:Assault"
"45","ColumnHeading:Aug"
"46","ColumnHeading:BacterialPresence"
"47","ColumnHeading:BD"
"48","ColumnHeading:BLACK"
"49","ColumnHeading:BodyWeight"
"50","ColumnHeading:BoilingPoint"
"51","ColumnHeading:Bottom"
"52","ColumnHeading:BrainWeight"
"53","ColumnHeading:BreakPoint"
"54","ColumnHeading:Breaks"
"55","ColumnHeading:BWT"
"56","ColumnHeading:c00"
"57","ColumnHeading:c30"
"58","ColumnHeading:c80"
"59","ColumnHeading:Cach"
"60","ColumnHeading:Calls"
"61","ColumnHeading:Campus"
"62","ColumnHeading:CarbohydrateVolume"
"63","ColumnHeading:Catholic"
"64","ColumnHeading:Cens"
"65","ColumnHeading:Censoring"
"66","ColumnHeading:CHAS"
"67","ColumnHeading:Chmax"
"68","ColumnHeading:Chmin"
"69","ColumnHeading:ChronicGVHD"
"70","ColumnHeading:Circumference"
"71","ColumnHeading:City"
"72","ColumnHeading:CL"
"73","ColumnHeading:Class"
"74","ColumnHeading:Closing Price"
"75","ColumnHeading:CloudType"
"76","ColumnHeading:Complaints"
"77","ColumnHeading:Concentration"
"78","ColumnHeading:Copper"
"79","ColumnHeading:Counterfeit"
"80","ColumnHeading:Country"
"81","ColumnHeading:CRIM"
"82","ColumnHeading:Critical"
"83","ColumnHeading:Cultivar"
"84","ColumnHeading:CumulativePersonYears"
"85","ColumnHeading:CW"
"86","ColumnHeading:Cycles"
"87","ColumnHeading:Cylinders"
"88","ColumnHeading:CyrtoideaeLength"
"89","ColumnHeading:DailyProduction"
"90","ColumnHeading:Date"
"91","ColumnHeading:Day"
"92","ColumnHeading:DDPI"
"93","ColumnHeading:DDT"
"94","ColumnHeading:Death"
"95","ColumnHeading:Death1"
"96","ColumnHeading:Death2"
"97","ColumnHeading:Death3"
"98","ColumnHeading:Deaths"
"99","ColumnHeading:Dec"
"100","ColumnHeading:Delta"
"101","ColumnHeading:Demand"
"102","ColumnHeading:Density"
"103","ColumnHeading:Department"
"104","ColumnHeading:Diagnosis"
"105","ColumnHeading:DiagnosisYear"
"106","ColumnHeading:Diagonal"
"107","ColumnHeading:DIS"
"108","ColumnHeading:DiseaseType"
"109","ColumnHeading:Distance"
"110","ColumnHeading:DonorAge"
"111","ColumnHeading:DonorCMV"
"112","ColumnHeading:DonorGender"
"113","ColumnHeading:Dose"
"114","ColumnHeading:DPI"
"115","ColumnHeading:DriveTrain"
"116","ColumnHeading:Duration"
"117","ColumnHeading:e00"
"118","ColumnHeading:e30"
"119","ColumnHeading:e80"
"120","ColumnHeading:Eastings"
"121","ColumnHeading:Education"
"122","ColumnHeading:Employed"
"123","ColumnHeading:EngineSize"
"124","ColumnHeading:EntryWeight"
"125","ColumnHeading:Estperf"
"126","ColumnHeading:Examination"
"127","ColumnHeading:ExitWeight"
"128","ColumnHeading:Experiment"
"129","ColumnHeading:ExtraHour"
"130","ColumnHeading:FAB"
"131","ColumnHeading:Feb"
"132","ColumnHeading:Feed"
"133","ColumnHeading:Fertility"
"134","ColumnHeading:FiberStrength"
"135","ColumnHeading:FL"
"136","ColumnHeading:FlyAsh"
"137","ColumnHeading:FTE"
"138","ColumnHeading:FTV"
"139","ColumnHeading:FuelTankCapacity"
"140","ColumnHeading:GAG"
"141","ColumnHeading:GDP"
"142","ColumnHeading:Gender"
"143","ColumnHeading:Girth"
"144","ColumnHeading:GNP"
"145","ColumnHeading:GNPDeflator"
"146","ColumnHeading:GraftType"
"147","ColumnHeading:Group"
"148","ColumnHeading:HazardProbability"
"149","ColumnHeading:HeadWeight"
"150","ColumnHeading:HeartWeight"
"151","ColumnHeading:HeatEvolved"
"152","ColumnHeading:Height"
"153","ColumnHeading:HighOrLow"
"154","ColumnHeading:Horsepower"
"155","ColumnHeading:Hospital"
"156","ColumnHeading:Hypertension"
"157","ColumnHeading:ID"
"158","ColumnHeading:Income"
"159","ColumnHeading:IncomeLevel"
"160","ColumnHeading:Index"
"161","ColumnHeading:Induction"
"162","ColumnHeading:INDUS"
"163","ColumnHeading:InfantMortality "
"164","ColumnHeading:Infection"
"165","ColumnHeading:Input gas rate"
"166","ColumnHeading:Jan"
"167","ColumnHeading:Jul"
"168","ColumnHeading:Jun"
"169","ColumnHeading:KarnofskyScore"
"170","ColumnHeading:LagQuarterlyRevenue"
"171","ColumnHeading:Latitude"
"172","ColumnHeading:Learning"
"173","ColumnHeading:Left"
"174","ColumnHeading:Length"
"175","ColumnHeading:LifeExpectation"
"176","ColumnHeading:Longitude"
"177","ColumnHeading:Low"
"178","ColumnHeading:Lower"
"179","ColumnHeading:LSTAT"
"180","ColumnHeading:LuggageRoom"
"181","ColumnHeading:LWT"
"182","ColumnHeading:Magnitude"
"183","ColumnHeading:Man"
"184","ColumnHeading:ManTransAvail"
"185","ColumnHeading:Manufacturer"
"186","ColumnHeading:Mar"
"187","ColumnHeading:MarketPotential"
"188","ColumnHeading:MarkTwain"
"189","ColumnHeading:MaxPrice"
"190","ColumnHeading:May"
"191","ColumnHeading:MeanFlowRate"
"192","ColumnHeading:MEDV"
"193","ColumnHeading:Miles"
"194","ColumnHeading:MinPrice"
"195","ColumnHeading:Mmax"
"196","ColumnHeading:Mmin"
"197","ColumnHeading:Mod"
"198","ColumnHeading:Model"
"199","ColumnHeading:Month"
"200","ColumnHeading:MotherID"
"201","ColumnHeading:MPGcity"
"202","ColumnHeading:MPGhighway"
"203","ColumnHeading:MTX"
"204","ColumnHeading:Murder"
"205","ColumnHeading:Name"
"206","ColumnHeading:NCases"
"207","ColumnHeading:NControls"
"208","ColumnHeading:NDiscoveries"
"209","ColumnHeading:Northings"
"210","ColumnHeading:Nov"
"211","ColumnHeading:NOX"
"212","ColumnHeading:NumberOfDeaths"
"213","ColumnHeading:Oct"
"214","ColumnHeading:OpticalDensity"
"215","ColumnHeading:Origin"
"216","ColumnHeading:OzoneConcentration"
"217","ColumnHeading:Passengers"
"218","ColumnHeading:PatientAge"
"219","ColumnHeading:PatientCMV"
"220","ColumnHeading:PatientGender"
"221","ColumnHeading:Perf"
"222","ColumnHeading:PersonYears"
"223","ColumnHeading:PetalLength"
"224","ColumnHeading:PetalWidth"
"225","ColumnHeading:pH00"
"226","ColumnHeading:pH30"
"227","ColumnHeading:pH80"
"228","ColumnHeading:PlateletRecovery"
"229","ColumnHeading:POP15"
"230","ColumnHeading:POP75"
"231","ColumnHeading:Population"
"232","ColumnHeading:PPM"
"233","ColumnHeading:Pregnanetriol"
"234","ColumnHeading:Pressure"
"235","ColumnHeading:Price"
"236","ColumnHeading:PriceIndex"
"237","ColumnHeading:Privileges"
"238","ColumnHeading:PTL"
"239","ColumnHeading:PTRATIO"
"240","ColumnHeading:QCS"
"241","ColumnHeading:Quarter"
"242","ColumnHeading:Race"
"243","ColumnHeading:RAD"
"244","ColumnHeading:Rainfall"
"245","ColumnHeading:Raises"
"246","ColumnHeading:Rape"
"247","ColumnHeading:Rate"
"248","ColumnHeading:Rating"
"249","ColumnHeading:RearSeatRoom"
"250","ColumnHeading:ReportedLosses"
"251","ColumnHeading:Return"
"252","ColumnHeading:Revenue"
"253","ColumnHeading:RevPerMile"
"254","ColumnHeading:Right"
"255","ColumnHeading:RM"
"256","ColumnHeading:RPM"
"257","ColumnHeading:Run"
"258","ColumnHeading:RW"
"259","ColumnHeading:Salary"
"260","ColumnHeading:SavingsRatio"
"261","ColumnHeading:Seed"
"262","ColumnHeading:Sep"
"263","ColumnHeading:SepalLength"
"264","ColumnHeading:SepalWidth"
"265","ColumnHeading:Sex"
"266","ColumnHeading:Smoker"
"267","ColumnHeading:Species"
"268","ColumnHeading:Speed"
"269","ColumnHeading:StackLoss"
"270","ColumnHeading:Stage"
"271","ColumnHeading:State"
"272","ColumnHeading:StateName"
"273","ColumnHeading:Status"
"274","ColumnHeading:Subject"
"275","ColumnHeading:Sunspot Number"
"276","ColumnHeading:Supplement"
"277","ColumnHeading:Survivors"
"278","ColumnHeading:Syct"
"279","ColumnHeading:TAX"
"280","ColumnHeading:Temp"
"281","ColumnHeading:Temperature"
"282","ColumnHeading:Tension"
"283","ColumnHeading:Tetrahydrocortisone"
"284","ColumnHeading:Thickness"
"285","ColumnHeading:Time"
"286","ColumnHeading:Time1"
"287","ColumnHeading:Time2"
"288","ColumnHeading:TimeToAccute"
"289","ColumnHeading:TimeToGVHD"
"290","ColumnHeading:TimetToChronicGVHD"
"291","ColumnHeading:TimeUTC"
"292","ColumnHeading:TobaccoConsumption"
"293","ColumnHeading:Top"
"294","ColumnHeading:TransmissionCategory"
"295","ColumnHeading:Treatment"
"296","ColumnHeading:Tree"
"297","ColumnHeading:TSpeed"
"298","ColumnHeading:TurnCircle"
"299","ColumnHeading:Type"
"300","ColumnHeading:UI"
"301","ColumnHeading:Ulcer"
"302","ColumnHeading:Unemployed"
"303","ColumnHeading:Unemployment"
"304","ColumnHeading:Upper"
"305","ColumnHeading:UrbanPopulation"
"306","ColumnHeading:Velocity"
"307","ColumnHeading:Viscosity"
"308","ColumnHeading:VitC"
"309","ColumnHeading:Volume"
"310","ColumnHeading:WaitingTime"
"311","ColumnHeading:WaterTemperature"
"312","ColumnHeading:Week"
"313","ColumnHeading:Weight"
"314","ColumnHeading:Wheelbase"
"315","ColumnHeading:Width"
"316","ColumnHeading:Wool"
"317","ColumnHeading:WordLength"
"318","ColumnHeading:X1"
"319","ColumnHeading:X2"
"320","ColumnHeading:X3"
"321","ColumnHeading:X4"
"322","ColumnHeading:Y"
"323","ColumnHeading:Y1"
"324","ColumnHeading:Y2"
"325","ColumnHeading:Y3"
"326","ColumnHeading:Y4"
"327","ColumnHeading:Year"
"328","ColumnHeading:Yield"
"329","ColumnHeading:YieldStrength"
"330","ColumnHeading:ZN"
"331","Dimension-2:1"
"332","Dimension-2:10"
"333","Dimension-2:11"
"334","Dimension-2:13"
"335","Dimension-2:14"
"336","Dimension-2:2"
"337","Dimension-2:22"
"338","Dimension-2:26"
"339","Dimension-2:3"
"340","Dimension-2:4"
"341","Dimension-2:5"
"342","Dimension-2:6"
"343","Dimension-2:7"
"344","Dimension-2:8"
"345","Dimension-2:9"
"346","ColumnType:Categorical"
"347","ColumnType:Numerical"
"348","ColumnType:String"
"349","DataType:EventData"
"350","DataType:EventSeries"
"351","DataType:MultivariateSample"
"352","DataType:SpacialData"
"353","DataType:SpatialData"
"354","DataType:SurvivalData"
"355","DataType:TimeSeries"
"356","DataType:UnivariateData"
"357","DataType:UnivariateSample"
"358","Name:Airline Passenger Miles"
"359","Name:Airplane Glass"
"360","Name:Animal Weights"
"361","Name:Anorexia Treatment"
"362","Name:Anscombe Regression Lines"
"363","Name:Australia AIDS"
"364","Name:Australia Rainfall"
"365","Name:Baboon"
"366","Name:BatchChemicalProcessYields"
"367","Name:Beaver Body Temperatures"
"368","Name:Belgian Calls"
"369","Name:Biochemical Oxygen Demand"
"370","Name:Birth Weight Risk"
"371","Name:Black Cherry Trees"
"372","Name:Bofors Steel"
"373","Name:Boiling Alps"
"374","Name:Bone Marrow Leukemia"
"375","Name:Bone Marrow Transplants"
"376","Name:Boston Homes"
"377","Name:Buffalo Snow"
"378","Name:Cabbages"
"379","Name:Car Stopping Distances"
"380","Name:Cement Heat"
"381","Name:Ceramic Strength"
"382","Name:Channing House"
"383","Name:ChemicalProcessConcentrations"
"384","Name:ChemicalProcessTemperatures"
"385","Name:ChemicalProcessViscosityReadings"
"386","Name:Chicken Weight"
"387","Name:Copper Levels"
"388","Name:Cosmetic Deterioration"
"389","Name:CPU Performance"
"390","Name:Crab Measures"
"391","Name:Cushings"
"392","Name:Cyrtoideae Length"
"393","Name:Denmark Melanoma"
"394","Name:DNase Assay"
"395","Name:Earthquake Waiting Times"
"396","Name:Economic Fluctuation"
"397","Name:Employee Attitude"
"398","Name:Esophageal Cancer"
"399","Name:Fatigue Life Failures"
"400","Name:Female Heights And Weights"
"401","Name:Fiber Strength"
"402","Name:Fisher Iris"
"403","Name:Fisher's Cats"
"404","Name:Fly Ash"
"405","Name:Formaldehyde"
"406","Name:GAG Urine Levels"
"407","Name:Galaxy Velocity"
"408","Name:GasFurnaceData"
"409","Name:Gilgai Soil"
"410","Name:Great Britan Auto Deaths"
"411","Name:Guinea Pig Tooth Growth"
"412","Name:Hodgkins"
"413","Name:IBMStockClosingPrices"
"414","Name:Indomethicin Pharmacokinetics"
"415","Name:InternationalAirlinePassengers"
"416","Name:Kale DDT"
"417","Name:Kidney Infection"
"418","Name:Kidney Transplant"
"419","Name:Lake Mead Levels"
"420","Name:Larynx Cancer"
"421","Name:Life Cycle Savings"
"422","Name:Loblolly Tree Growth"
"423","Name:LosAngelesOzoneReadings"
"424","Name:Mahanadi River Flow"
"425","Name:Mark Twain Authorship"
"426","Name:Mercury Vapor Pressure"
"427","Name:MinkFurSales"
"428","Name:Motor Failures"
"429","Name:Newcomb Light Speed"
"430","Name:Nickel Content"
"431","Name:Old Faithful"
"432","Name:Orange Tree Growth"
"433","Name:Otitis Media"
"434","Name:Ozone Concentrations"
"435","Name:Plant Growth"
"436","Name:Psychiatric"
"437","Name:Puromycin Reaction Velocity"
"438","Name:Quarterly Revenue"
"439","Name:Rainfall Seeding"
"440","Name:River Lengths"
"441","Name:Scientific Discoveries"
"442","Name:Scottish Hill Races"
"443","Name:Singer Heights"
"444","Name:Soporific Drugs"
"445","Name:Speed Of Light"
"446","Name:Stackloss Plant"
"447","Name:Standard and Poor's 500"
"448","Name:Swiss Bank Notes"
"449","Name:Swiss Fertility"
"450","Name:Terrorism"
"451","Name:Time to AIDS"
"452","Name:Top Oil Fields 2001"
"453","Name:Uganda Volcanoes"
"454","Name:UK Lung-Disease Deaths"
"455","Name:UKUnemployment"
"456","Name:University Salaries"
"457","Name:US Accidental Deaths"
"458","Name:US Arrests"
"459","Name:US Cars 1993"
"460","Name:US City Temperature"
"461","Name:US Earthquakes"
"462","Name:US Hurricane Loss"
"463","Name:US Life Table 2003"
"464","Name:US State Income"
"465","Name:USHogPrices"
"466","Name:Warp Breaks"
"467","Name:Western Uganda Border"
"468","Name:WolfSunspotNumbers"
"469","ObservationCount:100"
"470","ObservationCount:101"
"471","ObservationCount:11"
"472","ObservationCount:114"
"473","ObservationCount:116"
"474","ObservationCount:119"
"475","ObservationCount:120"
"476","ObservationCount:13"
"477","ObservationCount:137"
"478","ObservationCount:141"
"479","ObservationCount:144"
"480","ObservationCount:15"
"481","ObservationCount:150"
"482","ObservationCount:152"
"483","ObservationCount:16"
"484","ObservationCount:17"
"485","ObservationCount:176"
"486","ObservationCount:189"
"487","ObservationCount:19"
"488","ObservationCount:192"
"489","ObservationCount:197"
"490","ObservationCount:20"
"491","ObservationCount:200"
"492","ObservationCount:205"
"493","ObservationCount:209"
"494","ObservationCount:21"
"495","ObservationCount:211"
"496","ObservationCount:216"
"497","ObservationCount:22"
"498","ObservationCount:220"
"499","ObservationCount:226"
"500","ObservationCount:23"
"501","ObservationCount:235"
"502","ObservationCount:24"
"503","ObservationCount:25438"
"504","ObservationCount:26"
"505","ObservationCount:27"
"506","ObservationCount:272"
"507","ObservationCount:2780"
"508","ObservationCount:28"
"509","ObservationCount:284"
"510","ObservationCount:2843"
"511","ObservationCount:295"
"512","ObservationCount:296"
"513","ObservationCount:30"
"514","ObservationCount:3000"
"515","ObservationCount:31"
"516","ObservationCount:310"
"517","ObservationCount:314"
"518","ObservationCount:35"
"519","ObservationCount:3567"
"520","ObservationCount:360"
"521","ObservationCount:365"
"522","ObservationCount:369"
"523","ObservationCount:389"
"524","ObservationCount:39"
"525","ObservationCount:396"
"526","ObservationCount:40"
"527","ObservationCount:43"
"528","ObservationCount:462"
"529","ObservationCount:47"
"530","ObservationCount:480"
"531","ObservationCount:50"
"532","ObservationCount:506"
"533","ObservationCount:52"
"534","ObservationCount:54"
"535","ObservationCount:6"
"536","ObservationCount:60"
"537","ObservationCount:62"
"538","ObservationCount:63"
"539","ObservationCount:66"
"540","ObservationCount:70"
"541","ObservationCount:71"
"542","ObservationCount:72"
"543","ObservationCount:75"
"544","ObservationCount:82"
"545","ObservationCount:83"
"546","ObservationCount:863"
"547","ObservationCount:88"
"548","ObservationCount:90"
"549","ObservationCount:9101"
"550","ObservationCount:93"
"551","ObservationCount:95"
"552","Dimension-1:100"
"553","Dimension-1:101"
"554","Dimension-1:11"
"555","Dimension-1:114"
"556","Dimension-1:116"
"557","Dimension-1:119"
"558","Dimension-1:12"
"559","Dimension-1:120"
"560","Dimension-1:13"
"561","Dimension-1:137"
"562","Dimension-1:141"
"563","Dimension-1:144"
"564","Dimension-1:15"
"565","Dimension-1:150"
"566","Dimension-1:152"
"567","Dimension-1:16"
"568","Dimension-1:17"
"569","Dimension-1:176"
"570","Dimension-1:18"
"571","Dimension-1:189"
"572","Dimension-1:19"
"573","Dimension-1:192"
"574","Dimension-1:197"
"575","Dimension-1:20"
"576","Dimension-1:200"
"577","Dimension-1:205"
"578","Dimension-1:209"
"579","Dimension-1:21"
"580","Dimension-1:211"
"581","Dimension-1:22"
"582","Dimension-1:220"
"583","Dimension-1:226"
"584","Dimension-1:23"
"585","Dimension-1:235"
"586","Dimension-1:24"
"587","Dimension-1:25438"
"588","Dimension-1:26"
"589","Dimension-1:27"
"590","Dimension-1:272"
"591","Dimension-1:2780"
"592","Dimension-1:28"
"593","Dimension-1:284"
"594","Dimension-1:2843"
"595","Dimension-1:295"
"596","Dimension-1:296"
"597","Dimension-1:30"
"598","Dimension-1:3000"
"599","Dimension-1:31"
"600","Dimension-1:310"
"601","Dimension-1:314"
"602","Dimension-1:35"
"603","Dimension-1:3567"
"604","Dimension-1:360"
"605","Dimension-1:365"
"606","Dimension-1:369"
"607","Dimension-1:389"
"608","Dimension-1:39"
"609","Dimension-1:396"
"610","Dimension-1:40"
"611","Dimension-1:43"
"612","Dimension-1:462"
"613","Dimension-1:47"
"614","Dimension-1:480"
"615","Dimension-1:50"
"616","Dimension-1:506"
"617","Dimension-1:52"
"618","Dimension-1:54"
"619","Dimension-1:6"
"620","Dimension-1:60"
"621","Dimension-1:62"
"622","Dimension-1:63"
"623","Dimension-1:66"
"624","Dimension-1:70"
"625","Dimension-1:71"
"626","Dimension-1:72"
"627","Dimension-1:75"
"628","Dimension-1:82"
"629","Dimension-1:83"
"630","Dimension-1:863"
"631","Dimension-1:88"
"632","Dimension-1:90"
"633","Dimension-1:9101"
"634","Dimension-1:93"
"635","Dimension-1:95"
"636","Word:0"
"637","Word:000"
"638","Word:02"
"639","Word:1"
"640","Word:10"
"641","Word:100"
"642","Word:1000"
"643","Word:101"
"644","Word:12"
"645","Word:13"
"646","Word:14"
"647","Word:141"
"648","Word:16"
"649","Word:17"
"650","Word:1770"
"651","Word:1789"
"652","Word:1850"
"653","Word:1860"
"654","Word:1861"
"655","Word:1867"
"656","Word:1869"
"657","Word:1882"
"658","Word:1888"
"659","Word:1902"
"660","Word:1910"
"661","Word:1911"
"662","Word:1935"
"663","Word:1937"
"664","Word:1947"
"665","Word:1948"
"666","Word:1949"
"667","Word:1950"
"668","Word:1955"
"669","Word:1959"
"670","Word:1960"
"671","Word:1961"
"672","Word:1962"
"673","Word:1963"
"674","Word:1964"
"675","Word:1967"
"676","Word:1968"
"677","Word:1969"
"678","Word:1970"
"679","Word:1971"
"680","Word:1972"
"681","Word:1973"
"682","Word:1974"
"683","Word:1975"
"684","Word:1977"
"685","Word:1978"
"686","Word:1979"
"687","Word:1980"
"688","Word:1983"
"689","Word:1984"
"690","Word:1986"
"691","Word:1987"
"692","Word:1990"
"693","Word:1991"
"694","Word:1993"
"695","Word:1999"
"696","Word:2"
"697","Word:20"
"698","Word:2000"
"699","Word:2001"
"700","Word:2003"
"701","Word:2005"
"702","Word:2006"
"703","Word:2009"
"704","Word:2010"
"705","Word:205"
"706","Word:209"
"707","Word:21"
"708","Word:211"
"709","Word:22"
"710","Word:24"
"711","Word:24th"
"712","Word:25438"
"713","Word:258"
"714","Word:26"
"715","Word:27"
"716","Word:275"
"717","Word:28"
"718","Word:28th"
"719","Word:2nd"
"720","Word:3"
"721","Word:30"
"722","Word:3000"
"723","Word:31"
"724","Word:314"
"725","Word:33"
"726","Word:35"
"727","Word:365"
"728","Word:37"
"729","Word:389"
"730","Word:39"
"731","Word:4"
"732","Word:40"
"733","Word:43"
"734","Word:462"
"735","Word:47"
"736","Word:480"
"737","Word:4th"
"738","Word:5"
"739","Word:50"
"740","Word:500"
"741","Word:506"
"742","Word:52"
"743","Word:6"
"744","Word:60"
"745","Word:7"
"746","Word:80"
"747","Word:82"
"748","Word:84"
"749","Word:863"
"750","Word:9"
"751","Word:90"
"752","Word:93"
"753","Word:a"
"754","Word:about"
"755","Word:absorpt"
"756","Word:acceler"
"757","Word:accident"
"758","Word:accord"
"759","Word:account"
"760","Word:accumul"
"761","Word:accur"
"762","Word:acid"
"763","Word:acr"
"764","Word:acut"
"765","Word:addit"
"766","Word:adjust"
"767","Word:adjuv"
"768","Word:admit"
"769","Word:adren"
"770","Word:adult"
"771","Word:advanc"
"772","Word:after"
"773","Word:ag"
"774","Word:aggreg"
"775","Word:aid"
"776","Word:aim"
"777","Word:aircraft"
"778","Word:airlin"
"779","Word:airplan"
"780","Word:all"
"781","Word:allo"
"782","Word:allogen"
"783","Word:alon"
"784","Word:along"
"785","Word:alp"
"786","Word:also"
"787","Word:altern"
"788","Word:although"
"789","Word:am"
"790","Word:ambos"
"791","Word:america"
"792","Word:american"
"793","Word:ammonia"
"794","Word:amount"
"795","Word:an"
"796","Word:analysi"
"797","Word:anatom"
"798","Word:and"
"799","Word:angel"
"800","Word:anim"
"801","Word:annual"
"802","Word:anorexia"
"803","Word:anscomb"
"804","Word:anyon"
"805","Word:appear"
"806","Word:approxim"
"807","Word:april"
"808","Word:ar"
"809","Word:area"
"810","Word:arrest"
"811","Word:arriv"
"812","Word:ascorb"
"813","Word:ash"
"814","Word:assai"
"815","Word:assault"
"816","Word:assess"
"817","Word:associ"
"818","Word:assum"
"819","Word:asthma"
"820","Word:at"
"821","Word:attack"
"822","Word:attitud"
"823","Word:australia"
"824","Word:australian"
"825","Word:author"
"826","Word:authorship"
"827","Word:auto"
"828","Word:autolog"
"829","Word:averag"
"830","Word:b"
"831","Word:baboon"
"832","Word:bacteria"
"833","Word:bai"
"834","Word:ball"
"835","Word:bank"
"836","Word:barometr"
"837","Word:barrel"
"838","Word:batch"
"839","Word:batchchemicalprocessyield"
"840","Word:be"
"841","Word:bear"
"842","Word:beaver"
"843","Word:been"
"844","Word:befor"
"845","Word:belgian"
"846","Word:belgium"
"847","Word:below"
"848","Word:belt"
"849","Word:benefit"
"850","Word:between"
"851","Word:billion"
"852","Word:biochem"
"853","Word:biopsi"
"854","Word:birth"
"855","Word:black"
"856","Word:blood"
"857","Word:bod"
"858","Word:bodi"
"859","Word:bofor"
"860","Word:boil"
"861","Word:bone"
"862","Word:border"
"863","Word:boreali"
"864","Word:boston"
"865","Word:both"
"866","Word:bound"
"867","Word:box"
"868","Word:brain"
"869","Word:break"
"870","Word:breast"
"871","Word:britain"
"872","Word:britan"
"873","Word:bronchiti"
"874","Word:brownle"
"875","Word:buffalo"
"876","Word:busi"
"877","Word:but"
"878","Word:by"
"879","Word:c"
"880","Word:cabbag"
"881","Word:california"
"882","Word:call"
"883","Word:campu"
"884","Word:campus"
"885","Word:can"
"886","Word:canadensi"
"887","Word:canadian"
"888","Word:cancer"
"889","Word:capita"
"890","Word:car"
"891","Word:carbon"
"892","Word:case"
"893","Word:castor"
"894","Word:cat"
"895","Word:categori"
"896","Word:cement"
"897","Word:censor"
"898","Word:center"
"899","Word:central"
"900","Word:ceram"
"901","Word:chan"
"902","Word:chang"
"903","Word:characterist"
"904","Word:chart"
"905","Word:chatterje"
"906","Word:chemic"
"907","Word:chemicalprocessconcentr"
"908","Word:chemicalprocesstemperatur"
"909","Word:chemicalprocessviscosityread"
"910","Word:chemotherapi"
"911","Word:cherri"
"912","Word:chicken"
"913","Word:child"
"914","Word:children"
"915","Word:chlorid"
"916","Word:choral"
"917","Word:chosen"
"918","Word:chromatrop"
"919","Word:circumfer"
"920","Word:citi"
"921","Word:claim"
"922","Word:classif"
"923","Word:clinic"
"924","Word:close"
"925","Word:cloud"
"926","Word:cm"
"927","Word:cod"
"928","Word:collect"
"929","Word:commerci"
"930","Word:common"
"931","Word:compani"
"932","Word:compar"
"933","Word:comparison"
"934","Word:compil"
"935","Word:composit"
"936","Word:compulsori"
"937","Word:comput"
"938","Word:concentr"
"939","Word:conduct"
"940","Word:conic"
"941","Word:connecticut"
"942","Word:consecut"
"943","Word:consid"
"944","Word:consist"
"945","Word:contain"
"946","Word:contamin"
"947","Word:content"
"948","Word:control"
"949","Word:coordin"
"950","Word:copper"
"951","Word:corona"
"952","Word:correl"
"953","Word:cortisol"
"954","Word:cosmet"
"955","Word:cotton"
"956","Word:counterfeit"
"957","Word:cpu"
"958","Word:crab"
"959","Word:crater"
"960","Word:crescent"
"961","Word:cubic"
"962","Word:cultivar"
"963","Word:current"
"964","Word:curtiu"
"965","Word:cush"
"966","Word:cycl"
"967","Word:cyrtoidea"
"968","Word:d"
"969","Word:dai"
"970","Word:daili"
"971","Word:dam"
"972","Word:data"
"973","Word:dataset"
"974","Word:date"
"975","Word:ddt"
"976","Word:death"
"977","Word:dec"
"978","Word:decad"
"979","Word:decemb"
"980","Word:decreas"
"981","Word:deep"
"982","Word:defin"
"983","Word:degre"
"984","Word:deliveri"
"985","Word:demand"
"986","Word:demonstr"
"987","Word:denmark"
"988","Word:depart"
"989","Word:depend"
"990","Word:depress"
"991","Word:depth"
"992","Word:descend"
"993","Word:descent"
"994","Word:destroi"
"995","Word:destruct"
"996","Word:deterior"
"997","Word:determin"
"998","Word:develop"
"999","Word:diagnos"
"1000","Word:diagnost"
"1001","Word:dialysi"
"1002","Word:diamet"
"1003","Word:differ"
"1004","Word:digitali"
"1005","Word:dioxid"
"1006","Word:directli"
"1007","Word:discov"
"1008","Word:discoveri"
"1009","Word:discrimin"
"1010","Word:discuss"
"1011","Word:diseas"
"1012","Word:disord"
"1013","Word:disput"
"1014","Word:dissimilar"
"1015","Word:distanc"
"1016","Word:distribut"
"1017","Word:divid"
"1018","Word:dnase"
"1019","Word:dollar"
"1020","Word:domest"
"1021","Word:dose"
"1022","Word:downtown"
"1023","Word:dri"
"1024","Word:driver"
"1025","Word:drug"
"1026","Word:due"
"1027","Word:durat"
"1028","Word:dure"
"1029","Word:e"
"1030","Word:each"
"1031","Word:ear"
"1032","Word:earli"
"1033","Word:earthquak"
"1034","Word:econom"
"1035","Word:effect"
"1036","Word:effici"
"1037","Word:eight"
"1038","Word:electr"
"1039","Word:elev"
"1040","Word:elisa"
"1041","Word:emphysema"
"1042","Word:emploi"
"1043","Word:employe"
"1044","Word:enhanc"
"1045","Word:enough"
"1046","Word:enzymat"
"1047","Word:equat"
"1048","Word:erupt"
"1049","Word:escap"
"1050","Word:esophag"
"1051","Word:estim"
"1052","Word:et"
"1053","Word:etc"
"1054","Word:eureka"
"1055","Word:event"
"1056","Word:everi"
"1057","Word:evid"
"1058","Word:evolv"
"1059","Word:exampl"
"1060","Word:excis"
"1061","Word:excret"
"1062","Word:exit"
"1063","Word:experi"
"1064","Word:extract"
"1065","Word:f"
"1066","Word:fact"
"1067","Word:factor"
"1068","Word:fahrenheit"
"1069","Word:failur"
"1070","Word:faith"
"1071","Word:far"
"1072","Word:fatal"
"1073","Word:fatigu"
"1074","Word:favor"
"1075","Word:featur"
"1076","Word:februari"
"1077","Word:feed"
"1078","Word:feet"
"1079","Word:fell"
"1080","Word:femal"
"1081","Word:fertil"
"1082","Word:fiber"
"1083","Word:field"
"1084","Word:fifti"
"1085","Word:financi"
"1086","Word:first"
"1087","Word:fisher"
"1088","Word:five"
"1089","Word:flat"
"1090","Word:flour"
"1091","Word:flow"
"1092","Word:flower"
"1093","Word:flown"
"1094","Word:fluctuat"
"1095","Word:fly"
"1096","Word:follow"
"1097","Word:for"
"1098","Word:formaldehyd"
"1099","Word:forth"
"1100","Word:four"
"1101","Word:franc"
"1102","Word:fremantl"
"1103","Word:french"
"1104","Word:from"
"1105","Word:full"
"1106","Word:function"
"1107","Word:fur"
"1108","Word:furnac"
"1109","Word:g"
"1110","Word:ga"
"1111","Word:gag"
"1112","Word:galaxi"
"1113","Word:gasfurnacedata"
"1114","Word:gdp"
"1115","Word:gentl"
"1116","Word:genuin"
"1117","Word:geolog"
"1118","Word:geologist"
"1119","Word:geyser"
"1120","Word:gilgai"
"1121","Word:girth"
"1122","Word:give"
"1123","Word:given"
"1124","Word:gland"
"1125","Word:glass"
"1126","Word:gram"
"1127","Word:great"
"1128","Word:greatest"
"1129","Word:grid"
"1130","Word:groov"
"1131","Word:gross"
"1132","Word:group"
"1133","Word:growth"
"1134","Word:guinea"
"1135","Word:ha"
"1136","Word:had"
"1137","Word:half"
"1138","Word:have"
"1139","Word:hawaii"
"1140","Word:head"
"1141","Word:heart"
"1142","Word:heat"
"1143","Word:height"
"1144","Word:help"
"1145","Word:henc"
"1146","Word:high"
"1147","Word:highest"
"1148","Word:hill"
"1149","Word:histori"
"1150","Word:hiv"
"1151","Word:hla"
"1152","Word:hno3"
"1153","Word:hodgkin"
"1154","Word:hog"
"1155","Word:home"
"1156","Word:hoover"
"1157","Word:hospit"
"1158","Word:hour"
"1159","Word:hourli"
"1160","Word:hous"
"1161","Word:ht"
"1162","Word:hudson"
"1163","Word:hurrican"
"1164","Word:hypertens"
"1165","Word:hypothesi"
"1166","Word:i"
"1167","Word:ibm"
"1168","Word:ibmstockclosingpric"
"1169","Word:identifi"
"1170","Word:if"
"1171","Word:il"
"1172","Word:immun"
"1173","Word:improv"
"1174","Word:in"
"1175","Word:inch"
"1176","Word:includ"
"1177","Word:incom"
"1178","Word:increas"
"1179","Word:index"
"1180","Word:india"
"1181","Word:indian"
"1182","Word:indic"
"1183","Word:individu"
"1184","Word:indomethicin"
"1185","Word:induct"
"1186","Word:infant"
"1187","Word:infect"
"1188","Word:influenti"
"1189","Word:ingredi"
"1190","Word:injur"
"1191","Word:input"
"1192","Word:instantan"
"1193","Word:insuffici"
"1194","Word:interest"
"1195","Word:intern"
"1196","Word:internationalairlinepasseng"
"1197","Word:interv"
"1198","Word:introduc"
"1199","Word:invent"
"1200","Word:invers"
"1201","Word:iowa"
"1202","Word:iri"
"1203","Word:island"
"1204","Word:it"
"1205","Word:j"
"1206","Word:jan"
"1207","Word:januari"
"1208","Word:jenkin"
"1209","Word:jersei"
"1210","Word:johann"
"1211","Word:juic"
"1212","Word:juli"
"1213","Word:june"
"1214","Word:k"
"1215","Word:kale"
"1216","Word:kenya"
"1217","Word:kg"
"1218","Word:kidnei"
"1219","Word:kill"
"1220","Word:km"
"1221","Word:known"
"1222","Word:l"
"1223","Word:laboratori"
"1224","Word:lake"
"1225","Word:land"
"1226","Word:larg"
"1227","Word:laryng"
"1228","Word:larynx"
"1229","Word:least"
"1230","Word:left"
"1231","Word:length"
"1232","Word:leptograpsu"
"1233","Word:leroi"
"1234","Word:letter"
"1235","Word:leukemia"
"1236","Word:level"
"1237","Word:life"
"1238","Word:light"
"1239","Word:lincoln"
"1240","Word:line"
"1241","Word:linear"
"1242","Word:live"
"1243","Word:lo"
"1244","Word:loblolli"
"1245","Word:locat"
"1246","Word:log"
"1247","Word:log10"
"1248","Word:longlei"
"1249","Word:loom"
"1250","Word:losangelesozoneread"
"1251","Word:loss"
"1252","Word:low"
"1253","Word:lowest"
"1254","Word:lung"
"1255","Word:lymphoma"
"1256","Word:m"
"1257","Word:machin"
"1258","Word:made"
"1259","Word:magnitud"
"1260","Word:mahanadi"
"1261","Word:mai"
"1262","Word:main"
"1263","Word:major"
"1264","Word:male"
"1265","Word:malign"
"1266","Word:march"
"1267","Word:mark"
"1268","Word:marrow"
"1269","Word:marsk"
"1270","Word:mastectomi"
"1271","Word:match"
"1272","Word:maxima"
"1273","Word:maximum"
"1274","Word:mead"
"1275","Word:mean"
"1276","Word:measur"
"1277","Word:media"
"1278","Word:median"
"1279","Word:melanoma"
"1280","Word:member"
"1281","Word:menten"
"1282","Word:mercuri"
"1283","Word:metabolit"
"1284","Word:meter"
"1285","Word:method"
"1286","Word:mg"
"1287","Word:micha"
"1288","Word:michaelson"
"1289","Word:micron"
"1290","Word:midnight"
"1291","Word:mile"
"1292","Word:millimet"
"1293","Word:million"
"1294","Word:millionth"
"1295","Word:minimum"
"1296","Word:mink"
"1297","Word:minkfursal"
"1298","Word:minut"
"1299","Word:miss"
"1300","Word:mm"
"1301","Word:moder"
"1302","Word:month"
"1303","Word:monthli"
"1304","Word:more"
"1305","Word:morlei"
"1306","Word:morpholog"
"1307","Word:most"
"1308","Word:motor"
"1309","Word:motorett"
"1310","Word:multimod"
"1311","Word:multipl"
"1312","Word:murder"
"1313","Word:myelogen"
"1314","Word:name"
"1315","Word:nase"
"1316","Word:nation"
"1317","Word:natur"
"1318","Word:nebraska"
"1319","Word:new"
"1320","Word:newark"
"1321","Word:newcomb"
"1322","Word:next"
"1323","Word:nh3"
"1324","Word:nickel"
"1325","Word:nine"
"1326","Word:nitric"
"1327","Word:no"
"1328","Word:non"
"1329","Word:none"
"1330","Word:normal"
"1331","Word:north"
"1332","Word:northern"
"1333","Word:not"
"1334","Word:note"
"1335","Word:nov"
"1336","Word:now"
"1337","Word:number"
"1338","Word:numer"
"1339","Word:observ"
"1340","Word:obtain"
"1341","Word:occur"
"1342","Word:octob"
"1343","Word:odontoblast"
"1344","Word:of"
"1345","Word:offset"
"1346","Word:often"
"1347","Word:ohio"
"1348","Word:oil"
"1349","Word:old"
"1350","Word:on"
"1351","Word:oper"
"1352","Word:or"
"1353","Word:orang"
"1354","Word:order"
"1355","Word:organ"
"1356","Word:originali"
"1357","Word:orlean"
"1358","Word:other"
"1359","Word:otherwis"
"1360","Word:otiti"
"1361","Word:outcom"
"1362","Word:outlet"
"1363","Word:over"
"1364","Word:own"
"1365","Word:oxid"
"1366","Word:oxygen"
"1367","Word:ozon"
"1368","Word:p"
"1369","Word:pair"
"1370","Word:park"
"1371","Word:part"
"1372","Word:particl"
"1373","Word:passag"
"1374","Word:passeg"
"1375","Word:passeng"
"1376","Word:patient"
"1377","Word:pattern"
"1378","Word:pediatr"
"1379","Word:pediatrican"
"1380","Word:per"
"1381","Word:percentag"
"1382","Word:perform"
"1383","Word:period"
"1384","Word:pesticid"
"1385","Word:petal"
"1386","Word:ph"
"1387","Word:pharmacokinet"
"1388","Word:phone"
"1389","Word:pig"
"1390","Word:pine"
"1391","Word:pitch"
"1392","Word:plant"
"1393","Word:plu"
"1394","Word:point"
"1395","Word:polygon"
"1396","Word:polynomi"
"1397","Word:poor"
"1398","Word:popul"
"1399","Word:portland"
"1400","Word:potenti"
"1401","Word:ppb"
"1402","Word:pphm"
"1403","Word:ppm"
"1404","Word:presenc"
"1405","Word:preserv"
"1406","Word:pressur"
"1407","Word:prevent"
"1408","Word:price"
"1409","Word:procedur"
"1410","Word:process"
"1411","Word:produc"
"1412","Word:product"
"1413","Word:properti"
"1414","Word:protein"
"1415","Word:provinc"
"1416","Word:psychiatr"
"1417","Word:publish"
"1418","Word:puerto"
"1419","Word:puromycin"
"1420","Word:q"
"1421","Word:quantit"
"1422","Word:quarter"
"1423","Word:quarterli"
"1424","Word:question"
"1425","Word:questionnair"
"1426","Word:quintu"
"1427","Word:r"
"1428","Word:race"
"1429","Word:radiat"
"1430","Word:radiotherapi"
"1431","Word:rainfal"
"1432","Word:random"
"1433","Word:randomli"
"1434","Word:rang"
"1435","Word:rank"
"1436","Word:rape"
"1437","Word:rat"
"1438","Word:rate"
"1439","Word:rather"
"1440","Word:reaction"
"1441","Word:read"
"1442","Word:receiv"
"1443","Word:recombin"
"1444","Word:record"
"1445","Word:recurr"
"1446","Word:reflect"
"1447","Word:regard"
"1448","Word:regimen"
"1449","Word:region"
"1450","Word:registri"
"1451","Word:regress"
"1452","Word:regular"
"1453","Word:regularli"
"1454","Word:reinfus"
"1455","Word:rel"
"1456","Word:relat"
"1457","Word:remiss"
"1458","Word:remov"
"1459","Word:renal"
"1460","Word:replac"
"1461","Word:replaps"
"1462","Word:replenish"
"1463","Word:report"
"1464","Word:repres"
"1465","Word:reserv"
"1466","Word:resid"
"1467","Word:residu"
"1468","Word:respons"
"1469","Word:result"
"1470","Word:retir"
"1471","Word:retract"
"1472","Word:retrospect"
"1473","Word:return"
"1474","Word:revenu"
"1475","Word:rico"
"1476","Word:right"
"1477","Word:risk"
"1478","Word:river"
"1479","Word:rock"
"1480","Word:rousseeuw"
"1481","Word:rudolf"
"1482","Word:run"
"1483","Word:salari"
"1484","Word:sale"
"1485","Word:sampl"
"1486","Word:save"
"1487","Word:scientif"
"1488","Word:scottish"
"1489","Word:season"
"1490","Word:seat"
"1491","Word:sec"
"1492","Word:second"
"1493","Word:secret"
"1494","Word:section"
"1495","Word:seed"
"1496","Word:seem"
"1497","Word:select"
"1498","Word:sepal"
"1499","Word:separ"
"1500","Word:septemb"
"1501","Word:seri"
"1502","Word:seriou"
"1503","Word:serious"
"1504","Word:serum"
"1505","Word:set"
"1506","Word:settl"
"1507","Word:seven"
"1508","Word:seventeen"
"1509","Word:sever"
"1510","Word:sex"
"1511","Word:share"
"1512","Word:short"
"1513","Word:show"
"1514","Word:sibl"
"1515","Word:sign"
"1516","Word:silver"
"1517","Word:singer"
"1518","Word:site"
"1519","Word:six"
"1520","Word:sleep"
"1521","Word:snodgrass"
"1522","Word:snow"
"1523","Word:snowfal"
"1524","Word:so"
"1525","Word:societi"
"1526","Word:socio"
"1527","Word:socioeconom"
"1528","Word:soil"
"1529","Word:some"
"1530","Word:sometim"
"1531","Word:soporif"
"1532","Word:soprano"
"1533","Word:soprano2"
"1534","Word:sourc"
"1535","Word:southwal"
"1536","Word:space"
"1537","Word:speak"
"1538","Word:speci"
"1539","Word:spectrophotomet"
"1540","Word:speed"
"1541","Word:stack"
"1542","Word:stackloss"
"1543","Word:stamford"
"1544","Word:standard"
"1545","Word:state"
"1546","Word:steel"
"1547","Word:steroid"
"1548","Word:stimul"
"1549","Word:stock"
"1550","Word:stop"
"1551","Word:strength"
"1552","Word:studi"
"1553","Word:subject"
"1554","Word:substrat"
"1555","Word:suburb"
"1556","Word:such"
"1557","Word:suggest"
"1558","Word:sulphur"
"1559","Word:sunspot"
"1560","Word:superclust"
"1561","Word:supplement"
"1562","Word:suppli"
"1563","Word:surfac"
"1564","Word:survei"
"1565","Word:surviv"
"1566","Word:swiss"
"1567","Word:switzerland"
"1568","Word:sydnei"
"1569","Word:syenit"
"1570","Word:syndrom"
"1571","Word:system"
"1572","Word:t"
"1573","Word:tabl"
"1574","Word:taken"
"1575","Word:techniqu"
"1576","Word:teeth"
"1577","Word:telemetri"
"1578","Word:telephon"
"1579","Word:temperatur"
"1580","Word:ten"
"1581","Word:term"
"1582","Word:territori"
"1583","Word:terror"
"1584","Word:terrorist"
"1585","Word:test"
"1586","Word:than"
"1587","Word:that"
"1588","Word:the"
"1589","Word:thei"
"1590","Word:their"
"1591","Word:ther"
"1592","Word:therapi"
"1593","Word:there"
"1594","Word:these"
"1595","Word:thi"
"1596","Word:third"
"1597","Word:thirteen"
"1598","Word:thirti"
"1599","Word:thousand"
"1600","Word:three"
"1601","Word:through"
"1602","Word:thu"
"1603","Word:timber"
"1604","Word:time"
"1605","Word:tissu"
"1606","Word:to"
"1607","Word:tooth"
"1608","Word:top"
"1609","Word:total"
"1610","Word:tradit"
"1611","Word:transect"
"1612","Word:transfus"
"1613","Word:transplant"
"1614","Word:travers"
"1615","Word:treatment"
"1616","Word:tree"
"1617","Word:trial"
"1618","Word:troop"
"1619","Word:true"
"1620","Word:truncat"
"1621","Word:trunk"
"1622","Word:turramura"
"1623","Word:turramurra"
"1624","Word:twain"
"1625","Word:two"
"1626","Word:type"
"1627","Word:u"
"1628","Word:uganda"
"1629","Word:uk"
"1630","Word:ukunemploy"
"1631","Word:under"
"1632","Word:unemploy"
"1633","Word:unemploymet"
"1634","Word:unfil"
"1635","Word:unit"
"1636","Word:univers"
"1637","Word:urban"
"1638","Word:urin"
"1639","Word:urinari"
"1640","Word:us"
"1641","Word:usa"
"1642","Word:ushogpric"
"1643","Word:utero"
"1644","Word:v"
"1645","Word:valu"
"1646","Word:vapor"
"1647","Word:variabl"
"1648","Word:varianc"
"1649","Word:variegatu"
"1650","Word:varieti"
"1651","Word:vector"
"1652","Word:veloc"
"1653","Word:veri"
"1654","Word:versu"
"1655","Word:via"
"1656","Word:vilain"
"1657","Word:virgin"
"1658","Word:viru"
"1659","Word:viscos"
"1660","Word:vitamin"
"1661","Word:vocal"
"1662","Word:voic"
"1663","Word:void"
"1664","Word:volcan"
"1665","Word:volcano"
"1666","Word:volum"
"1667","Word:volunt"
"1668","Word:w"
"1669","Word:wa"
"1670","Word:wai"
"1671","Word:wait"
"1672","Word:warp"
"1673","Word:water"
"1674","Word:wear"
"1675","Word:weav"
"1676","Word:week"
"1677","Word:weight"
"1678","Word:well"
"1679","Word:were"
"1680","Word:western"
"1681","Word:wettest"
"1682","Word:what"
"1683","Word:when"
"1684","Word:where"
"1685","Word:which"
"1686","Word:while"
"1687","Word:who"
"1688","Word:wholem"
"1689","Word:width"
"1690","Word:window"
"1691","Word:wisconsin"
"1692","Word:with"
"1693","Word:without"
"1694","Word:wolf"
"1695","Word:wolfsunspotnumb"
"1696","Word:women"
"1697","Word:word"
"1698","Word:worldwid"
"1699","Word:yarn"
"1700","Word:year"
"1701","Word:yearli"
"1702","Word:yellowston"
"1703","Word:yield"
"1704","Word:yonker"
"1705","Word:york"
"1706","Word:young"
"1707","Word:zero"
"1708","Topic:01.process.chemic.read"
"1709","Topic:02.marrow.bone.transplant"
"1710","Topic:03.weight.height.femal"
"1711","Topic:04.airlin.passeng.intern"
"1712","Topic:05.death.kidnei.transplant"
"1713","Topic:06.infect.kidnei.time"
"1714","Topic:07.plant.growth.group"
"1715","Topic:08.tree.orang.growth"
"1716","Topic:09.length.river.north"
"1717","Topic:10.state.u.earthquak"
"1718","Topic:11.concentr.ozon.1974"
"1719","Topic:12.life.failur.light"
"1720","Topic:13.econom.fluctuat.yearli"
"1721","Topic:14.cancer.male.temperatur"
"1722","Topic:15.seed.rainfal.tree"
"1723","Topic:16.drug.car.the"
"1724","Topic:17.rainfal.47.earthquak"
"1725","Topic:18.mercuri.pressur.temperatur"
"1726","Topic:19.regress.line.revenu"
"1727","Topic:20.content.determin.ppm"
